subject,idna_subject,expiration_date,epoch,registrar
akhwatmuslimah.net,akhwatmuslimah.net,21-feb-2024,1708473600.0,Web Commerce Communications Limited dba WebNic.cc
urbandigital.id,urbandigital.id,19-jun-2024,1718755200.0,Kilat Domain
blogbiasa.com,blogbiasa.com,05-aug-2025,1754352000.0,"NameSilo, LLC"
ipsaya.com,ipsaya.com,28-nov-2029,1890518400.0,"eNom, LLC"
androidsis.com,androidsis.com,24-sep-2026,1790208000.0,"Soluciones Corporativas IP, SL"
adventuriderz.com,adventuriderz.com,23-apr-2024,1713830400.0,"Cosmotown, Inc."
otojatim.com,otojatim.com,17-aug-2025,1755388800.0,"GoDaddy.com, LLC"
pondok-belajar.com,pondok-belajar.com,01-oct-2024,1727740800.0,CV. Rumahweb Indonesia
instingjurnalis.com,instingjurnalis.com,10-mar-2024,1710028800.0,"HOSTINGER operations, UAB"
dinaspajak.com,dinaspajak.com,14-mar-2024,1710374400.0,"NameCheap, Inc."
katadata.co.id,katadata.co.id,30-nov-2025,1764460800.0,Digital Registra
gamereactor.asia,gamereactor.asia,16-apr-2025,1744761600.0,CSL Computer Service Langenbach GmbH d/b/a Joker.com
joglosemarnews.com,joglosemarnews.com,04-jan-2024,1704326400.0,"CloudFlare, Inc."
indonesiasatu.co,indonesiasatu.co,25-oct-2024,1729814400.0,Tucows Domains Inc.
komunita.id,komunita.id,14-jan-2024,1705190400.0,Digital Registra
dailysocial.id,dailysocial.id,15-aug-2024,1723680000.0,Kilat Domain
wakool.id,wakool.id,14-apr-2024,1713052800.0,Registrasi Neva Angkasa
urbanasia.com,urbanasia.com,18-apr-2024,1713398400.0,"GoDaddy.com, LLC"
indosport.com,indosport.com,03-jan-2025,1735862400.0,"GoDaddy.com, LLC"
tirto.id,tirto.id,03-aug-2029,1880409600.0,ResellerCamp
indas.id,indas.id,16-aug-2024,1723766400.0,PT Registrasi Nama Domain
zuperdrive.my.id,zuperdrive.my.id,24-aug-2024,1724457600.0,PT Registrasi Nama Domain
suara.com,suara.com,04-oct-2024,1728000000.0,"GoDaddy.com, LLC"
fajar.co.id,fajar.co.id,01-oct-2028,1853971200.0,Registrasi Neva Angkasa
poskota.co.id,poskota.co.id,01-oct-2024,1727740800.0,Digital Registra
gadgetren.com,gadgetren.com,13-oct-2024,1728777600.0,"CloudFlare, Inc."
seputarmusikindo.com,seputarmusikindo.com,25-aug-2024,1724544000.0,"HOSTINGER operations, UAB"
republika.co.id,republika.co.id,01-oct-2024,1727740800.0,CBN Registrar
tanyamimpi.org,tanyamimpi.org,03-aug-2024,1722643200.0,"NameCheap, Inc."
lintastungkal.com,lintastungkal.com,25-dec-2023,1703462400.0,CV. JOGJACAMP
icloudice.com,icloudice.com,04-nov-2024,1730678400.0,CV. JOGJACAMP
pikiran-rakyat.com,pikiran-rakyat.com,03-sep-2024,1725321600.0,CV. Rumahweb Indonesia
suararepubliknews.com,suararepubliknews.com,13-nov-2024,1731456000.0,Hosting Concepts B.V. d/b/a Registrar.eu
amartha.com,amartha.com,13-mar-2024,1710288000.0,PDR Ltd. d/b/a PublicDomainRegistry.com
kamusbahasaindonesia.org,kamusbahasaindonesia.org,31-jul-2024,1722384000.0,"Dynadot, LLC"
thejakartapost.com,thejakartapost.com,22-nov-2024,1732233600.0,"Network Solutions, LLC"
wahananews.co,wahananews.co,11-jun-2024,1718064000.0,Tucows Domains Inc.
orami.co.id,orami.co.id,03-feb-2025,1738540800.0,Digital Registra
investor.id,investor.id,13-jun-2024,1718236800.0,Digital Registra
wartaekonomi.co.id,wartaekonomi.co.id,19-jul-2027,1815955200.0,ResellerCamp
paragram.id,paragram.id,12-feb-2025,1739318400.0,PT Aksara Data Digital
sekedus.com,sekedus.com,20-jun-2024,1718841600.0,CV. Rumahweb Indonesia
jelajahcoin.com,jelajahcoin.com,18-dec-2024,1734480000.0,"HOSTINGER operations, UAB"
terkini.id,terkini.id,24-mar-2024,1711238400.0,Digital Registra
iluminasi.com,iluminasi.com,21-apr-2024,1713657600.0,"NameCheap, Inc."
aktualitas.id,aktualitas.id,21-aug-2024,1724198400.0,Registrasi Neva Angkasa
bola005.com,bola005.com,13-jan-2024,1705104000.0,"GoDaddy.com, LLC"
harianmerahputih.id,harianmerahputih.id,07-mar-2024,1709769600.0,Digital Registra
dialeksis.com,dialeksis.com,22-dec-2023,1703203200.0,CV. JOGJACAMP
harianjogja.com,harianjogja.com,05-may-2024,1714867200.0,"GoDaddy.com, LLC"
petanikode.com,petanikode.com,30-dec-2030,1924819200.0,CV. JOGJACAMP
nesabamedia.com,nesabamedia.com,03-jan-2026,1767398400.0,"NameCheap, Inc."
showbiz.co.id,showbiz.co.id,14-nov-2024,1731542400.0,Digital Registra
inakoran.com,inakoran.com,03-jun-2024,1717372800.0,"Domain.com, LLC"
idntimes.com,idntimes.com,02-jun-2024,1717286400.0,"Amazon Registrar, Inc."
99.co,99.co,25-apr-2026,1777075200.0,TLD Registrar Solutions Ltd.
lampungpro.co,lampungpro.co,02-sep-2024,1725235200.0,PDR Ltd. d/b/a PublicDomainRegistry.com
rmol.id,rmol.id,08-dec-2024,1733616000.0,Digital Registra
palembangindependen.com,palembangindependen.com,14-jan-2024,1705190400.0,CV. JOGJACAMP
bungfrangki.com,bungfrangki.com,22-feb-2024,1708560000.0,CV. JOGJACAMP
bisnis.com,bisnis.com,21-aug-2027,1818806400.0,Web Commerce Communications Limited dba WebNic.cc
tek.id,tek.id,12-may-2025,1747008000.0,CBN Registrar
kincir.com,kincir.com,26-mar-2028,1837641600.0,PT ARDH GLOBAL INDONESIA
petpintar.com,petpintar.com,25-jun-2024,1719273600.0,"GoDaddy.com, LLC"
liputan4.com,liputan4.com,18-may-2024,1715990400.0,Hosting Concepts B.V. d/b/a Registrar.eu
stmikaelkranji.org,stmikaelkranji.org,04-nov-2024,1730678400.0,"HOSTINGER operations, UAB"
semuabis.com,semuabis.com,29-dec-2024,1735430400.0,"Amazon Registrar, Inc."
rakyatku.com,rakyatku.com,09-jul-2024,1720483200.0,Tucows Domains Inc.
katasulsel.com,katasulsel.com,14-apr-2024,1713052800.0,Hosting Concepts B.V. d/b/a Registrar.eu
indotimur.com,indotimur.com,30-jan-2024,1706572800.0,CV. JOGJACAMP
suarapemredkalbar.com,suarapemredkalbar.com,12-dec-2024,1733961600.0,"HOSTINGER operations, UAB"
suarajatimpost.com,suarajatimpost.com,17-nov-2024,1731801600.0,CV. Rumahweb Indonesia
bisnismuda.id,bisnismuda.id,14-jan-2024,1705190400.0,PT Registrasi Nama Domain
papuabaratnews.co,papuabaratnews.co,14-feb-2024,1707868800.0,PDR Ltd. d/b/a PublicDomainRegistry.com
cerdasco.com,cerdasco.com,12-jun-2024,1718150400.0,Tucows Domains Inc.
ngodingdata.com,ngodingdata.com,02-oct-2024,1727827200.0,"HOSTINGER operations, UAB"
wiz.or.id,wiz.or.id,13-jan-2025,1736726400.0,PT Cloud Hosting Indonesia
techinasia.com,techinasia.com,20-sep-2027,1821398400.0,"GoDaddy.com, LLC"
hellosehat.com,hellosehat.com,15-sep-2024,1726358400.0,"GoDaddy.com, LLC"
bekesah.co,bekesah.co,08-jul-2024,1720396800.0,PDR Ltd. d/b/a PublicDomainRegistry.com
fifthbloom.com,fifthbloom.com,17-feb-2024,1708128000.0,Squarespace Domains II LLC
goodnewsfromindonesia.id,goodnewsfromindonesia.id,11-jan-2026,1768089600.0,Digital Registra
aliansirakyatnews.com,aliansirakyatnews.com,17-may-2024,1715904000.0,Web Commerce Communications Limited dba WebNic.cc
nicelocal.id,nicelocal.id,26-feb-2024,1708905600.0,Jagat Informasi Solusi (int)
blibagus.com,blibagus.com,13-may-2024,1715558400.0,CV. Rumahweb Indonesia
naikmotor.com,naikmotor.com,06-jun-2027,1812240000.0,Tucows Domains Inc.
trenasia.com,trenasia.com,24-jan-2024,1706054400.0,"GoDaddy.com, LLC"
lamanqu.id,lamanqu.id,06-jun-2024,1717632000.0,Digital Registra
industry.co.id,industry.co.id,10-sep-2025,1757462400.0,Digital Registra
tangerangnews.com,tangerangnews.com,28-jan-2024,1706400000.0,"GoDaddy.com, LLC"
ligaolahraga.com,ligaolahraga.com,04-feb-2026,1770163200.0,"NameCheap, Inc."
diadona.id,diadona.id,13-nov-2024,1731456000.0,ResellerCamp
jagadtani.com,jagadtani.com,23-oct-2026,1792713600.0,CV. Rumahweb Indonesia
klikindonesia.co,klikindonesia.co,04-mar-2024,1709510400.0,Tucows Domains Inc.
radarriaunet.com,radarriaunet.com,26-may-2024,1716681600.0,Tucows Domains Inc.
catatanriau.com,catatanriau.com,25-oct-2024,1729814400.0,Web Commerce Communications Limited dba WebNic.cc
medianotaris.com,medianotaris.com,22-nov-2024,1732233600.0,CV. JOGJACAMP
elshinta.com,elshinta.com,31-oct-2025,1761868800.0,Tucows Domains Inc.
guebanget.com,guebanget.com,11-jan-2024,1704931200.0,"GoDaddy.com, LLC"
sleekr.co,sleekr.co,16-oct-2024,1729036800.0,"NameCheap, Inc."
kabarnusa.com,kabarnusa.com,25-nov-2024,1732492800.0,Tucows Domains Inc.
harianbhirawa.co.id,harianbhirawa.co.id,02-oct-2024,1727827200.0,Jagoan Hosting
brainly.co.id,brainly.co.id,13-jun-2024,1718236800.0,Digital Registra
goinsan.com,goinsan.com,31-dec-2023,1703980800.0,CV. JOGJACAMP
majoo.id,majoo.id,26-jul-2024,1721952000.0,PANDI Registrar
cosmogirl.co.id,cosmogirl.co.id,12-nov-2024,1731369600.0,PT Registrasi Nama Domain
uzone.id,uzone.id,13-jun-2025,1749772800.0,PT Registrasi Nama Domain
sukabumiupdate.com,sukabumiupdate.com,06-mar-2027,1804291200.0,CV. JOGJACAMP
gatra.com,gatra.com,19-jul-2024,1721347200.0,"NameSilo, LLC"
pricebook.co.id,pricebook.co.id,11-feb-2024,1707609600.0,Digital Registra
feedme.id,feedme.id,25-may-2024,1716595200.0,PT Registrasi Nama Domain
indonesiana.id,indonesiana.id,17-apr-2024,1713312000.0,ResellerCamp
styl.id,styl.id,25-aug-2024,1724544000.0,INDOREG
faktabanten.co.id,faktabanten.co.id,29-oct-2024,1730160000.0,Digital Registra
gamebrott.com,gamebrott.com,17-feb-2024,1708128000.0,"CloudFlare, Inc."
rubis.id,rubis.id,18-sep-2024,1726617600.0,Digital Registra
beritasatu.com,beritasatu.com,19-apr-2024,1713484800.0,PT ARDH GLOBAL INDONESIA
qoala.app,qoala.app,10-jul-2024,1720569600.0,Namecheap Inc.
lifepal.co.id,lifepal.co.id,29-aug-2025,1756425600.0,Digital Registra
jejakkriminal.com,jejakkriminal.com,18-jan-2024,1705536000.0,Web Commerce Communications Limited dba WebNic.cc
sarkub.com,sarkub.com,07-oct-2025,1759795200.0,PDR Ltd. d/b/a PublicDomainRegistry.com
pontianakpost.co.id,pontianakpost.co.id,09-jun-2025,1749427200.0,Digital Registra
pasardana.id,pasardana.id,17-aug-2024,1723852800.0,Jagat Informasi Solusi
pilarbanten.com,pilarbanten.com,29-may-2024,1716940800.0,PDR Ltd. d/b/a PublicDomainRegistry.com
inbizia.com,inbizia.com,18-nov-2024,1731888000.0,"NameCheap, Inc."
momsmoney.id,momsmoney.id,20-may-2031,1937001600.0,PT Biznet Gio Nusantara
idenesia.co,idenesia.co,26-apr-2024,1714089600.0,PDR Ltd. d/b/a PublicDomainRegistry.com
landaknews.id,landaknews.id,28-may-2024,1716854400.0,DEPA
jatimnow.com,jatimnow.com,12-dec-2032,1986422400.0,CV. Rumahweb Indonesia
zooba.id,zooba.id,13-mar-2024,1710288000.0,PT Registrasi Nama Domain
minangsatu.com,minangsatu.com,24-oct-2024,1729728000.0,"HOSTINGER operations, UAB"
infokekinian.com,infokekinian.com,12-sep-2024,1726099200.0,"NameCheap, Inc."
nawacita.co,nawacita.co,17-apr-2024,1713312000.0,PDR Ltd. d/b/a PublicDomainRegistry.com
borneotrend.com,borneotrend.com,03-may-2024,1714694400.0,CV. JOGJACAMP
beritaminang.com,beritaminang.com,01-aug-2024,1722470400.0,Web Commerce Communications Limited dba WebNic.cc
medikre.com,medikre.com,18-jul-2024,1721260800.0,Web Commerce Communications Limited dba WebNic.cc
halojambi.id,halojambi.id,01-nov-2024,1730419200.0,ResellerCamp
infojateng.id,infojateng.id,23-may-2024,1716422400.0,DEPA
faktadaerah.com,faktadaerah.com,25-sep-2025,1758758400.0,Web Commerce Communications Limited dba WebNic.cc
teknologi.id,teknologi.id,15-dec-2026,1797292800.0,Kilat Domain
medanbisnisdaily.com,medanbisnisdaily.com,18-jun-2024,1718668800.0,Tucows Domains Inc.
rencanamu.id,rencanamu.id,04-apr-2025,1743724800.0,Digital Registra
memontum.com,memontum.com,24-aug-2024,1724457600.0,Web Commerce Communications Limited dba WebNic.cc
cantika.com,cantika.com,25-mar-2025,1742860800.0,"Register.com, Inc."
tobapos.co,tobapos.co,07-oct-2024,1728259200.0,PDR Ltd. d/b/a PublicDomainRegistry.com
jurnalisindonesia.id,jurnalisindonesia.id,25-feb-2024,1708819200.0,Digital Registra
ofiskita.com,ofiskita.com,27-may-2024,1716768000.0,CV. JOGJACAMP
adinyahya.com,adinyahya.com,18-jun-2024,1718668800.0,Web Commerce Communications Limited dba WebNic.cc
pinhome.id,pinhome.id,25-oct-2032,1982275200.0,PT Aksara Data Digital
duwitmu.com,duwitmu.com,24-dec-2024,1734998400.0,"GoDaddy.com, LLC"
pramborsfm.com,pramborsfm.com,29-jun-2024,1719619200.0,PT ARDH GLOBAL INDONESIA
koransulindo.com,koransulindo.com,12-apr-2024,1712880000.0,CV. JOGJACAMP
redaksibaru.id,redaksibaru.id,04-jun-2024,1717459200.0,PT. Web Commerce Communications
sapos.co.id,sapos.co.id,01-oct-2024,1727740800.0,Digital Registra
cosmopolitan.co.id,cosmopolitan.co.id,01-sep-2024,1725148800.0,PT Registrasi Nama Domain
topcareer.id,topcareer.id,29-mar-2024,1711670400.0,PT Registrasi Nama Domain
sepoin.com,sepoin.com,05-apr-2024,1712275200.0,Squarespace Domains II LLC
genpi.co,genpi.co,15-jan-2026,1768435200.0,PDR Ltd. d/b/a PublicDomainRegistry.com
ulamanusantaracenter.com,ulamanusantaracenter.com,12-jul-2024,1720742400.0,Web Commerce Communications Limited dba WebNic.cc
faktanews.com,faktanews.com,16-sep-2024,1726444800.0,CV. JOGJACAMP
beasiswaindo.com,beasiswaindo.com,10-feb-2025,1739145600.0,PDR Ltd. d/b/a PublicDomainRegistry.com
terkininews.com,terkininews.com,03-jan-2024,1704240000.0,Web Commerce Communications Limited dba WebNic.cc
winpoin.com,winpoin.com,10-mar-2025,1741564800.0,"NameCheap, Inc."
honestdocs.id,honestdocs.id,28-sep-2024,1727481600.0,Jagat Informasi Solusi (int)
timesindonesia.co.id,timesindonesia.co.id,19-jan-2024,1705622400.0,Digital Registra
asarpua.com,asarpua.com,03-may-2024,1714694400.0,"HOSTINGER operations, UAB"
iglobalnews.co.id,iglobalnews.co.id,04-feb-2024,1707004800.0,Digital Registra
popbela.com,popbela.com,22-nov-2025,1763769600.0,"GoDaddy.com, LLC"
malukuterkini.com,malukuterkini.com,21-nov-2024,1732147200.0,CV. Rumahweb Indonesia
gosulsel.com,gosulsel.com,01-aug-2024,1722470400.0,CV. Rumahweb Indonesia
infonews.id,infonews.id,29-dec-2023,1703808000.0,Digital Registra
jobstreet.co.id,jobstreet.co.id,01-sep-2024,1725148800.0,Digital Registra
kumparan.com,kumparan.com,02-feb-2032,1959292800.0,"GoDaddy.com, LLC"
merahputih.com,merahputih.com,23-apr-2024,1713830400.0,CV. Rumahweb Indonesia
tedas.id,tedas.id,02-oct-2024,1727827200.0,Jagoan Hosting
telisik.id,telisik.id,27-jun-2024,1719446400.0,Kilat Domain
herworld.co.id,herworld.co.id,13-jul-2024,1720828800.0,PT Registrasi Nama Domain
farah.id,farah.id,03-dec-2025,1764720000.0,PT Registrasi Nama Domain
alkitabonline.org,alkitabonline.org,13-mar-2024,1710288000.0,"Namesilo, LLC"
jurnalborneo.co.id,jurnalborneo.co.id,02-mar-2024,1709337600.0,Digital Registra
caritau.com,caritau.com,06-may-2028,1841184000.0,"GoDaddy.com, LLC"
lomboktoday.co.id,lomboktoday.co.id,21-sep-2024,1726876800.0,Digital Registra
tmcblog.com,tmcblog.com,16-aug-2024,1723766400.0,"Wild West Domains, LLC"
pastiin.com,pastiin.com,06-nov-2024,1730851200.0,"HOSTINGER operations, UAB"
semarangkota.com,semarangkota.com,14-jun-2024,1718323200.0,PDR Ltd. d/b/a PublicDomainRegistry.com
ceklist.id,ceklist.id,04-oct-2024,1728000000.0,Jagat Informasi Solusi (int)
subsc.my.id,subsc.my.id,28-mar-2024,1711584000.0,PT Cloud Hosting Indonesia
ranggawisata.com,ranggawisata.com,07-nov-2024,1730937600.0,"HOSTINGER operations, UAB"
iwanbanaran.com,iwanbanaran.com,26-apr-2024,1714089600.0,"NameCheap, Inc."
sijorikepri.com,sijorikepri.com,22-jul-2024,1721606400.0,CV. Rumahweb Indonesia
borobudurnews.com,borobudurnews.com,01-dec-2024,1733011200.0,"HOSTINGER operations, UAB"
hometronik.web.id,hometronik.web.id,13-jul-2024,1720828800.0,PT Citraweb Digital Multisolusi
lensaindonesia.com,lensaindonesia.com,01-apr-2024,1711929600.0,"GoDaddy.com, LLC"
ujaran.co.id,ujaran.co.id,30-aug-2026,1788048000.0,Digital Registra
djituponsel.com,djituponsel.com,22-feb-2024,1708560000.0,PDR Ltd. d/b/a PublicDomainRegistry.com
kemajuanrakyat.id,kemajuanrakyat.id,17-aug-2024,1723852800.0,Digital Registra
netq.me,netq.me,15-jan-2024,1705276800.0,"NameCheap, Inc."
kotaku.co.id,kotaku.co.id,02-sep-2024,1725235200.0,Digital Registra
swaragamafm.com,swaragamafm.com,17-dec-2024,1734393600.0,CV. Rumahweb Indonesia
pgi.or.id,pgi.or.id,31-oct-2024,1730332800.0,ResellerCamp
jnnews.co.id,jnnews.co.id,25-feb-2024,1708819200.0,Digital Registra
gelora.co,gelora.co,23-aug-2024,1724371200.0,"Name.com, Inc."
kilastimor.com,kilastimor.com,01-apr-2024,1711929600.0,"HOSTINGER operations, UAB"
warta-pendidikan.com,warta-pendidikan.com,22-mar-2024,1711065600.0,PDR Ltd. d/b/a PublicDomainRegistry.com
ngamen.web.id,ngamen.web.id,21-nov-2024,1732147200.0,Digital Registra
wajahindonesia.co.id,wajahindonesia.co.id,15-sep-2024,1726358400.0,Digital Registra
rgntimes.id,rgntimes.id,06-dec-2023,1701820800.0,Digital Registra
infosumbar.net,infosumbar.net,09-feb-2024,1707436800.0,CV. Rumahweb Indonesia
beritabalap.com,beritabalap.com,19-jun-2025,1750291200.0,CV. JOGJACAMP
axialnews.id,axialnews.id,04-oct-2024,1728000000.0,Jagoan Hosting
lenterajateng.com,lenterajateng.com,10-jun-2024,1717977600.0,Web Commerce Communications Limited dba WebNic.cc
sumselindependen.com,sumselindependen.com,20-aug-2024,1724112000.0,CV. Rumahweb Indonesia
karimuntoday.com,karimuntoday.com,14-jun-2024,1718323200.0,Web Commerce Communications Limited dba WebNic.cc
gramedia.com,gramedia.com,29-jul-2025,1753747200.0,"OnlineNIC, Inc."
kepribetter.com,kepribetter.com,10-jul-2025,1752105600.0,CV. Rumahweb Indonesia
vcgamers.com,vcgamers.com,29-nov-2024,1732838400.0,CV. JOGJACAMP
otakotaku.com,otakotaku.com,02-jun-2024,1717286400.0,PT Aksara Data Digital
advertising-indonesia.id,advertising-indonesia.id,02-jun-2024,1717286400.0,Digital Registra
infobaik.id,infobaik.id,31-jan-2024,1706659200.0,Registrasi Neva Angkasa
snaptekno.com,snaptekno.com,05-jan-2024,1704412800.0,"NameSilo, LLC"
sumateranews.co.id,sumateranews.co.id,28-oct-2024,1730073600.0,Digital Registra
metrokalteng.com,metrokalteng.com,05-aug-2024,1722816000.0,CV. JOGJACAMP
fokusborneo.com,fokusborneo.com,30-jun-2024,1719705600.0,"HOSTINGER operations, UAB"
kabarpapua.co,kabarpapua.co,29-nov-2024,1732838400.0,PDR Ltd. d/b/a PublicDomainRegistry.com
marketeers.com,marketeers.com,08-jan-2027,1799366400.0,"Network Solutions, LLC"
ashadin.com,ashadin.com,02-jul-2024,1719878400.0,CV. Rumahweb Indonesia
topbnews.com,topbnews.com,07-jul-2025,1751846400.0,"HOSTINGER operations, UAB"
inimedanbung.com,inimedanbung.com,24-jun-2024,1719187200.0,CV. Rumahweb Indonesia
detakbanten.com,detakbanten.com,27-oct-2024,1729987200.0,PT ARDH GLOBAL INDONESIA
zonasultra.id,zonasultra.id,23-mar-2025,1742688000.0,Jagoan Hosting
jagatpapua.com,jagatpapua.com,30-mar-2024,1711756800.0,"HOSTINGER operations, UAB"
dianisa.com,dianisa.com,05-jul-2024,1720137600.0,"HOSTINGER operations, UAB"
kabarsumbar.com,kabarsumbar.com,17-feb-2024,1708128000.0,Web Commerce Communications Limited dba WebNic.cc
ruangguruku.com,ruangguruku.com,04-dec-2023,1701648000.0,"OnlineNIC, Inc."
helokepo.com,helokepo.com,18-dec-2024,1734480000.0,"NameCheap, Inc."
dailypost.id,dailypost.id,06-feb-2024,1707177600.0,Digital Registra
kabarnusantaranews.com,kabarnusantaranews.com,30-sep-2024,1727654400.0,CV. Rumahweb Indonesia
kliksumatera.com,kliksumatera.com,02-feb-2024,1706832000.0,"HOSTINGER operations, UAB"
spionase-news.com,spionase-news.com,25-jan-2024,1706140800.0,"HOSTINGER operations, UAB"
indoposco.id,indoposco.id,05-jan-2024,1704412800.0,Digital Registra
jatimpos.co,jatimpos.co,16-may-2024,1715817600.0,PDR Ltd. d/b/a PublicDomainRegistry.com
jurnal9.tv,jurnal9.tv,26-jun-2024,1719360000.0,CV. Rumahweb Indonesia
newskaltim.com,newskaltim.com,25-aug-2024,1724544000.0,Tucows Domains Inc.
mediasindoraya.com,mediasindoraya.com,31-mar-2024,1711843200.0,Porkbun LLC
koranmonitor.com,koranmonitor.com,25-apr-2024,1714003200.0,CV. Rumahweb Indonesia
bidikcamera.com,bidikcamera.com,11-jan-2024,1704931200.0,Web Commerce Communications Limited dba WebNic.cc
beritakaltim.co,beritakaltim.co,19-aug-2025,1755561600.0,Hosting Concepts B.V. d/b/a Registrar.eu
infomu.co,infomu.co,29-may-2025,1748476800.0,PDR Ltd. d/b/a PublicDomainRegistry.com
potretnusantara.id,potretnusantara.id,26-may-2024,1716681600.0,Digital Registra
penatimor.com,penatimor.com,16-mar-2027,1805155200.0,"HOSTINGER operations, UAB"
sbsinews.com,sbsinews.com,16-aug-2026,1786838400.0,CV. Rumahweb Indonesia
narahubung.id,narahubung.id,15-may-2024,1715731200.0,Registrasi Neva Angkasa
medanbicara.com,medanbicara.com,07-sep-2024,1725667200.0,CV. JOGJACAMP
kitamudamedia.com,kitamudamedia.com,15-may-2024,1715731200.0,CV. Rumahweb Indonesia
mzknews.co,mzknews.co,08-may-2024,1715126400.0,PDR Ltd. d/b/a PublicDomainRegistry.com
bidik.news,bidik.news,09-jan-2024,1704758400.0,PDR Ltd. d/b/a PublicDomainRegistry.com
portalborneo.or.id,portalborneo.or.id,04-oct-2024,1728000000.0,PT. Web Commerce Communications
dewatanews.com,dewatanews.com,30-sep-2024,1727654400.0,PDR Ltd. d/b/a PublicDomainRegistry.com
jogya.com,jogya.com,02-oct-2024,1727827200.0,"GoDaddy.com, LLC"
formasnews.com,formasnews.com,26-oct-2024,1729900800.0,CV. JOGJACAMP
banua.co,banua.co,18-feb-2024,1708214400.0,PDR Ltd. d/b/a PublicDomainRegistry.com
wartaniaga.com,wartaniaga.com,08-may-2024,1715126400.0,CV. JOGJACAMP
sirclo.com,sirclo.com,19-aug-2024,1724025600.0,"NameCheap, Inc."
jawaraspeed.com,jawaraspeed.com,02-oct-2024,1727827200.0,Web Commerce Communications Limited dba WebNic.cc
mediasulsel.com,mediasulsel.com,20-feb-2024,1708387200.0,Web Commerce Communications Limited dba WebNic.cc
vidio.com,vidio.com,13-aug-2024,1723507200.0,Gandi SAS
candilkuya.com,candilkuya.com,26-oct-2024,1729900800.0,CV. Rumahweb Indonesia
indonesiatimur.co,indonesiatimur.co,07-jul-2024,1720310400.0,"NameSilo, LLC"
kompinesia.com,kompinesia.com,04-aug-2024,1722729600.0,CV. JOGJACAMP
mimbaraceh.com,mimbaraceh.com,01-dec-2024,1733011200.0,Web Commerce Communications Limited dba WebNic.cc
hewanbinatang.com,hewanbinatang.com,24-nov-2024,1732406400.0,"NameSilo, LLC"
kerjaker.com,kerjaker.com,24-sep-2024,1727136000.0,Hosting Concepts B.V. d/b/a Registrar.eu
nusabali.com,nusabali.com,13-nov-2024,1731456000.0,LiquidNet Ltd.
s.id,s.id,14-aug-2024,1723593600.0,PANDI Registrar
jobskarir.id,jobskarir.id,17-oct-2024,1729123200.0,PT Cloud Hosting Indonesia
suarakutim.com,suarakutim.com,31-jan-2024,1706659200.0,"HOSTINGER operations, UAB"
pertamax7.com,pertamax7.com,03-jan-2024,1704240000.0,Tucows Domains Inc.
rakyatpos.id,rakyatpos.id,05-aug-2024,1722816000.0,PT Registrasi Nama Domain
beenews.id,beenews.id,24-mar-2024,1711238400.0,Digital Registra
ngopibareng.id,ngopibareng.id,07-jun-2024,1717718400.0,Kilat Domain
rajawalinewstv.com,rajawalinewstv.com,29-dec-2023,1703808000.0,Web Commerce Communications Limited dba WebNic.cc
priceza.co.id,priceza.co.id,22-jan-2025,1737504000.0,Digital Registra
radioonline.co.id,radioonline.co.id,21-jan-2025,1737417600.0,Jagat Informasi Solusi (int)
grid.id,grid.id,06-feb-2024,1707177600.0,Kilat Domain
celebrities.id,celebrities.id,09-nov-2024,1731110400.0,PT Registrasi Nama Domain
jurnalweb.com,jurnalweb.com,24-aug-2024,1724457600.0,"GoDaddy.com, LLC"
dafunda.com,dafunda.com,09-oct-2024,1728432000.0,"CloudFlare, Inc."
radarnusantara.com,radarnusantara.com,25-may-2024,1716595200.0,CV. JOGJACAMP
radarbandung.id,radarbandung.id,17-sep-2024,1726531200.0,PT Registrasi Nama Domain
visi.news,visi.news,12-oct-2024,1728691200.0,"HOSTINGER operations, UAB"
bolmongraya.co,bolmongraya.co,04-mar-2024,1709510400.0,PDR Ltd. d/b/a PublicDomainRegistry.com
lintasbali.com,lintasbali.com,13-oct-2024,1728777600.0,"HOSTINGER operations, UAB"
metrotimur.com,metrotimur.com,30-apr-2024,1714435200.0,PDR Ltd. d/b/a PublicDomainRegistry.com
musiklib.org,musiklib.org,09-jul-2024,1720483200.0,PT Aksara Data Digital
reaksimedia.com,reaksimedia.com,02-may-2024,1714608000.0,Hosting Concepts B.V. d/b/a Registrar.eu
clickthis.blog,clickthis.blog,12-oct-2024,1728691200.0,"Regional Network Information Center, JSC dba RU-CENTER"
kalbaronline.com,kalbaronline.com,26-sep-2024,1727308800.0,Atak Domain Bilgi Teknolojileri A.S.
sumselupdate.com,sumselupdate.com,04-jan-2024,1704326400.0,"HOSTINGER operations, UAB"
kaldera.id,kaldera.id,30-jul-2024,1722297600.0,PT Cloud Hosting Indonesia
faktabandungraya.com,faktabandungraya.com,19-jan-2024,1705622400.0,CV. JOGJACAMP
dhean.news,dhean.news,04-jun-2024,1717459200.0,CV. Rumahweb Indonesia
kanalinspirasi.com,kanalinspirasi.com,20-feb-2024,1708387200.0,CV. Rumahweb Indonesia
borneonusantaranews.com,borneonusantaranews.com,23-jan-2024,1705968000.0,CV. JOGJACAMP
sarabakawa.com,sarabakawa.com,19-may-2024,1716076800.0,PT ARDH GLOBAL INDONESIA
suarakuningan.com,suarakuningan.com,27-sep-2024,1727395200.0,"HOSTINGER operations, UAB"
baperanews.com,baperanews.com,26-apr-2024,1714089600.0,Hosting Concepts B.V. d/b/a Registrar.eu
mandalikapost.com,mandalikapost.com,02-dec-2024,1733097600.0,CV. Rumahweb Indonesia
hotdanterbaru.com,hotdanterbaru.com,26-jul-2024,1721952000.0,PDR Ltd. d/b/a PublicDomainRegistry.com
parokicikarang.or.id,parokicikarang.or.id,28-may-2025,1748390400.0,ResellerCamp
channel9.id,channel9.id,22-oct-2026,1792627200.0,Kilat Domain
integritasmedia.com,integritasmedia.com,19-dec-2023,1702944000.0,CV. Rumahweb Indonesia
swarakaltim.com,swarakaltim.com,15-jan-2024,1705276800.0,CV. Rumahweb Indonesia
ceklissatu.com,ceklissatu.com,14-nov-2024,1731542400.0,"HOSTINGER operations, UAB"
moladin.com,moladin.com,27-feb-2028,1835222400.0,"GoDaddy.com, LLC"
benuajambi.com,benuajambi.com,22-nov-2024,1732233600.0,"HOSTINGER operations, UAB"
sahamok.net,sahamok.net,04-oct-2024,1728000000.0,"GoDaddy.com, LLC"
polisinews.com,polisinews.com,24-nov-2024,1732406400.0,PDR Ltd. d/b/a PublicDomainRegistry.com
expossumbar.com,expossumbar.com,16-nov-2024,1731715200.0,CV. Rumahweb Indonesia
kabar65news.com,kabar65news.com,16-sep-2024,1726444800.0,"HOSTINGER operations, UAB"
terasmaluku.com,terasmaluku.com,05-apr-2024,1712275200.0,"HOSTINGER operations, UAB"
panrita.news,panrita.news,18-oct-2024,1729209600.0,PDR Ltd. d/b/a PublicDomainRegistry.com
delitimes.id,delitimes.id,22-feb-2024,1708560000.0,PT. Web Commerce Communications
islamsantun.org,islamsantun.org,22-feb-2025,1740182400.0,CV. Rumahweb Indonesia
jayapurapost.com,jayapurapost.com,01-mar-2024,1709251200.0,CV. JOGJACAMP
mediaasuransinews.co.id,mediaasuransinews.co.id,18-aug-2024,1723939200.0,PT. Web Commerce Communications
putraindonews.com,putraindonews.com,21-may-2024,1716249600.0,"HOSTINGER operations, UAB"
radarnews.id,radarnews.id,02-dec-2024,1733097600.0,Digital Registra
itworks.id,itworks.id,05-sep-2024,1725494400.0,Digital Registra
lensametro.com,lensametro.com,03-oct-2024,1727913600.0,CV. Rumahweb Indonesia
kabardesa.co.id,kabardesa.co.id,13-may-2024,1715558400.0,PT Cloud Hosting Indonesia
padangmedia.com,padangmedia.com,05-apr-2024,1712275200.0,CV. JOGJACAMP
beritajatim.com,beritajatim.com,14-mar-2031,1931212800.0,PT ARDH GLOBAL INDONESIA
kompirasi.com,kompirasi.com,04-nov-2024,1730678400.0,"NameCheap, Inc."
transsumatera.id,transsumatera.id,17-nov-2024,1731801600.0,Registrasi Neva Angkasa
halokakros.com,halokakros.com,27-apr-2024,1714176000.0,PT Aksara Data Digital
haidiva.com,haidiva.com,07-nov-2024,1730937600.0,CV. JOGJACAMP
papuadalamberita.com,papuadalamberita.com,08-jan-2025,1736294400.0,Web Commerce Communications Limited dba WebNic.cc
kliksulsel.com,kliksulsel.com,21-mar-2024,1710979200.0,CV. Rumahweb Indonesia
nusadaily.com,nusadaily.com,19-oct-2024,1729296000.0,PDR Ltd. d/b/a PublicDomainRegistry.com
jurnalnews.co,jurnalnews.co,31-jan-2024,1706659200.0,PDR Ltd. d/b/a PublicDomainRegistry.com
batamtimes.co,batamtimes.co,15-aug-2024,1723680000.0,"NameCheap, Inc."
satukanal.com,satukanal.com,27-may-2024,1716768000.0,CV. JOGJACAMP
dutaserviceac.com,dutaserviceac.com,07-nov-2025,1762473600.0,Key-Systems GmbH
posaceh.com,posaceh.com,21-feb-2024,1708473600.0,CV. JOGJACAMP
kompiajaib.com,kompiajaib.com,12-nov-2024,1731369600.0,PDR Ltd. d/b/a PublicDomainRegistry.com
memorandum.co.id,memorandum.co.id,10-nov-2024,1731196800.0,Digital Registra
swara-bengkulu.com,swara-bengkulu.com,22-dec-2024,1734825600.0,Web Commerce Communications Limited dba WebNic.cc
teboonline.id,teboonline.id,05-jan-2024,1704412800.0,Digital Registra
hendrasurya.com,hendrasurya.com,19-jun-2024,1718755200.0,"NameSilo, LLC"
seide.id,seide.id,19-apr-2024,1713484800.0,PT Registrasi Nama Domain
annews.co.id,annews.co.id,12-sep-2024,1726099200.0,ResellerCamp
bikersindonesia.net,bikersindonesia.net,16-sep-2024,1726444800.0,"HOSTINGER operations, UAB"
jellykom.com,jellykom.com,19-oct-2024,1729296000.0,PDR Ltd. d/b/a PublicDomainRegistry.com
beritabaru.co,beritabaru.co,07-jun-2025,1749254400.0,Tucows Domains Inc.
trikinet.com,trikinet.com,05-mar-2024,1709596800.0,"GoDaddy.com, LLC"
speednews-manado.com,speednews-manado.com,20-jun-2024,1718841600.0,CV. JOGJACAMP
portalindonesianews.net,portalindonesianews.net,23-nov-2024,1732320000.0,CV. JOGJACAMP
bangkitmedia.com,bangkitmedia.com,05-dec-2025,1764892800.0,"HOSTINGER operations, UAB"
eventsolo.com,eventsolo.com,15-jun-2024,1718409600.0,"Name.com, Inc."
gardapapua.com,gardapapua.com,21-sep-2024,1726876800.0,CV. Rumahweb Indonesia
flashlombok.com,flashlombok.com,14-sep-2024,1726272000.0,Web Commerce Communications Limited dba WebNic.cc
narasi.tv,narasi.tv,20-dec-2024,1734652800.0,CV. Jogjacamp
inwepo.co,inwepo.co,19-may-2024,1716076800.0,"Name.com, Inc."
kosngosan.com,kosngosan.com,02-mar-2027,1803945600.0,"NameCheap, Inc."
pilar.id,pilar.id,20-jun-2024,1718841600.0,PT. RADNET DIGITAL INDONESIA
narmadi.com,narmadi.com,13-dec-2024,1734048000.0,"NameCheap, Inc."
balipost.com,balipost.com,20-aug-2025,1755648000.0,"Register.com, Inc."
teater.co,teater.co,07-jan-2024,1704585600.0,Dynadot Inc
teknologital.com,teknologital.com,11-jun-2024,1718064000.0,"NameCheap, Inc."
herstory.co.id,herstory.co.id,29-oct-2027,1824768000.0,ResellerCamp
kontenjatim.com,kontenjatim.com,03-mar-2024,1709424000.0,CV. JOGJACAMP
bospajak.com,bospajak.com,09-oct-2024,1728432000.0,"OnlineNIC, Inc."
oneesports.id,oneesports.id,23-apr-2024,1713830400.0,Jagat Informasi Solusi (int)
democrazy.id,democrazy.id,18-sep-2024,1726617600.0,Digital Registra
arenabola.id,arenabola.id,10-nov-2024,1731196800.0,Jagat Informasi Solusi (int)
blogernas.com,blogernas.com,28-dec-2024,1735344000.0,CV. JOGJACAMP
suarapapua.com,suarapapua.com,30-dec-2023,1703894400.0,"NameSilo, LLC"
pojoksatu.id,pojoksatu.id,08-dec-2023,1701993600.0,PT Registrasi Nama Domain
opikini.com,opikini.com,18-apr-2024,1713398400.0,"NameSilo, LLC"
ayobelajarasuransi.id,ayobelajarasuransi.id,21-jul-2024,1721520000.0,Jagat Informasi Solusi (int)
travelingyuk.com,travelingyuk.com,07-nov-2024,1730937600.0,CV. JOGJACAMP
redaksi.co.id,redaksi.co.id,03-mar-2024,1709424000.0,PT Aksara Data Digital
inilahkoran.id,inilahkoran.id,30-nov-2024,1732924800.0,Kilat Domain
safahad.my.id,safahad.my.id,12-jan-2024,1705017600.0,Digital Registra
danielnugroho.com,danielnugroho.com,05-sep-2026,1788566400.0,"NameSilo, LLC"
digitalmarketingschool.id,digitalmarketingschool.id,02-jan-2024,1704153600.0,Digital Registra
garudadaily.com,garudadaily.com,30-dec-2023,1703894400.0,CV. Rumahweb Indonesia
kanool.com,kanool.com,26-jul-2024,1721952000.0,MAT BAO CORPORATION
ruangguru.com,ruangguru.com,20-dec-2030,1923955200.0,PT Aksara Data Digital
koranseruya.com,koranseruya.com,12-may-2024,1715472000.0,Web Commerce Communications Limited dba WebNic.cc
temankreasi.com,temankreasi.com,26-sep-2024,1727308800.0,Web Commerce Communications Limited dba WebNic.cc
bogordaily.net,bogordaily.net,03-feb-2024,1706918400.0,PT Aksara Data Digital
sukoharjonews.com,sukoharjonews.com,28-aug-2024,1724803200.0,"HOSTINGER operations, UAB"
etindonesia.com,etindonesia.com,30-apr-2024,1714435200.0,CV. Rumahweb Indonesia
berbagiteknologi.com,berbagiteknologi.com,27-jul-2024,1722038400.0,PDR Ltd. d/b/a PublicDomainRegistry.com
yummy.co.id,yummy.co.id,10-apr-2024,1712707200.0,CBN Registrar
sehatq.com,sehatq.com,07-sep-2024,1725667200.0,"GoDaddy.com, LLC"
doktersehat.com,doktersehat.com,27-nov-2025,1764201600.0,"NameCheap, Inc."
samsungstarters.com,samsungstarters.com,02-feb-2024,1706832000.0,"OnlineNIC, Inc."
viva.co.id,viva.co.id,24-may-2024,1716508800.0,ResellerCamp
emka.web.id,emka.web.id,13-apr-2024,1712966400.0,PT Biznet Gio Nusantara
trackpacking.com,trackpacking.com,24-nov-2024,1732406400.0,PDR Ltd. d/b/a PublicDomainRegistry.com
matafakta.com,matafakta.com,06-jan-2024,1704499200.0,"NameCheap, Inc."
babla.co.id,babla.co.id,14-nov-2024,1731542400.0,Digital Registra
petalokasi.org,petalokasi.org,10-aug-2024,1723248000.0,"Dynadot, LLC"
21cineplex.com,21cineplex.com,10-nov-2027,1825804800.0,"eNom, LLC"
otodriver.com,otodriver.com,19-jan-2025,1737244800.0,"GoDaddy.com, LLC"
denpost.id,denpost.id,18-dec-2023,1702857600.0,PT Aksara Data Digital
nooblasto.com,nooblasto.com,30-aug-2024,1724976000.0,CV. JOGJACAMP
kelasexcel.id,kelasexcel.id,05-jul-2024,1720137600.0,Digital Registra
rakcer.id,rakcer.id,02-jan-2024,1704153600.0,Jagat Informasi Solusi (int)
faktualnews.co,faktualnews.co,14-nov-2024,1731542400.0,Tucows Domains Inc.
bisikan.com,bisikan.com,10-dec-2023,1702166400.0,CV. Rumahweb Indonesia
lokerjakarta.id,lokerjakarta.id,14-mar-2024,1710374400.0,Digital Registra
greenscene.co.id,greenscene.co.id,30-sep-2024,1727654400.0,PT Cloud Hosting Indonesia
productnation.co,productnation.co,24-aug-2026,1787529600.0,"GoDaddy.com, LLC"
bengkulupost.id,bengkulupost.id,17-aug-2024,1723852800.0,PT. Web Commerce Communications
ggwp.id,ggwp.id,10-mar-2025,1741564800.0,INDOREG
sabiru.com,sabiru.com,23-jan-2024,1705968000.0,Web Commerce Communications Limited dba WebNic.cc
radarbekasi.id,radarbekasi.id,05-feb-2025,1738713600.0,ResellerCamp
cabecabean.lol,cabecabean.lol,21-jan-2024,1705795200.0,Namecheap
bulat.co.id,bulat.co.id,09-jun-2024,1717891200.0,Digital Registra
ladiestory.id,ladiestory.id,29-nov-2024,1732838400.0,Digital Registra
mixberita.com,mixberita.com,10-mar-2024,1710028800.0,"NameCheap, Inc."
fortuneidn.com,fortuneidn.com,06-may-2024,1714953600.0,MarkMonitor Inc.
blibli.com,blibli.com,29-nov-2029,1890604800.0,Namescout Ltd
itemku.com,itemku.com,19-may-2024,1716076800.0,"Amazon Registrar, Inc."
shopee.co.id,shopee.co.id,28-nov-2024,1732752000.0,Digital Registra
biggo.id,biggo.id,29-apr-2026,1777420800.0,PT. Web Commerce Communications
bukalapak.com,bukalapak.com,10-sep-2027,1820534400.0,"Amazon Registrar, Inc."
sitnas.id,sitnas.id,05-jun-2024,1717545600.0,Digital Registra
tokopedia.com,tokopedia.com,30-may-2028,1843257600.0,"CSC Corporate Domains, Inc."
teksnologi.com,teksnologi.com,01-may-2024,1714521600.0,CV. Rumahweb Indonesia
dafideff.com,dafideff.com,10-jan-2024,1704844800.0,Squarespace Domains II LLC
ad4msan.com,ad4msan.com,14-aug-2024,1723593600.0,"NameCheap, Inc."
ilmuguru.org,ilmuguru.org,18-dec-2024,1734480000.0,CV. Rumahweb Indonesia
wendycode.com,wendycode.com,05-nov-2024,1730764800.0,CV. Rumahweb Indonesia
labkom.co.id,labkom.co.id,21-may-2024,1716249600.0,PT Aksara Data Digital
kontrastimes.com,kontrastimes.com,28-nov-2024,1732752000.0,PDR Ltd. d/b/a PublicDomainRegistry.com
kopetnews.id,kopetnews.id,30-oct-2024,1730246400.0,Jagat Informasi Solusi (int)
cuitandokter.com,cuitandokter.com,29-may-2024,1716940800.0,"GoDaddy.com, LLC"
lumpiastudio.com,lumpiastudio.com,09-jan-2025,1736380800.0,"HOSTINGER operations, UAB"
bbsnews.co.id,bbsnews.co.id,28-sep-2024,1727481600.0,PT Registrasi Nama Domain
rifqimulyawan.com,rifqimulyawan.com,16-oct-2024,1729036800.0,Porkbun LLC
sharer.my.id,sharer.my.id,14-nov-2024,1731542400.0,Digital Registra
jurnalfaktual.id,jurnalfaktual.id,18-jun-2024,1718668800.0,Digital Registra
monitorteknologi.com,monitorteknologi.com,27-apr-2025,1745712000.0,CV. JOGJACAMP
baliadvertiser.biz,baliadvertiser.biz,01-may-2024,1714521600.0,Gandi SAS
jabarprov.go.id,jabarprov.go.id,31-jan-2025,1738281600.0,Kementerian Komunikasi dan Informatika
hercodigital.id,hercodigital.id,02-nov-2025,1762041600.0,ResellerCamp
jualo.com,jualo.com,17-oct-2024,1729123200.0,Instra Corporation Pty Ltd.
mitrakeluarga.com,mitrakeluarga.com,18-dec-2024,1734480000.0,PT ARDH GLOBAL INDONESIA
ads.id,ads.id,13-jun-2025,1749772800.0,Digital Registra
motorplus-online.com,motorplus-online.com,31-jan-2024,1706659200.0,Web Commerce Communications Limited dba WebNic.cc
tribunnewswiki.com,tribunnewswiki.com,08-oct-2024,1728345600.0,"Amazon Registrar, Inc."
bolasport.com,bolasport.com,29-nov-2024,1732838400.0,"Domain.com, LLC"
kontan.co.id,kontan.co.id,18-jun-2032,1971129600.0,PT Biznet Gio Nusantara
kompas.tv,kompas.tv,31-jan-2024,1706659200.0,"Domain.com, LLC"
kompas.com,kompas.com,17-dec-2025,1765929600.0,Tucows Domains Inc.
gridoto.com,gridoto.com,01-aug-2025,1754006400.0,"GoDaddy.com, LLC"
kompasiana.com,kompasiana.com,22-aug-2024,1724284800.0,"Domain.com, LLC"
sonora.id,sonora.id,24-jul-2024,1721779200.0,INDOREG
kgnow.com,kgnow.com,20-feb-2025,1740009600.0,"GoDaddy.com, LLC"
kompas.id,kompas.id,13-jun-2026,1781308800.0,INDOREG
juara.net,juara.net,31-jul-2024,1722384000.0,"Go France Domains, LLC"
haibunda.com,haibunda.com,11-jun-2024,1718064000.0,"NameCheap, Inc."
cnnindonesia.com,cnnindonesia.com,21-dec-2024,1734739200.0,Nom-iq Ltd. dba COM LAUDE
transtv.co.id,transtv.co.id,01-sep-2028,1851379200.0,Digital Registra
cnbcindonesia.com,cnbcindonesia.com,04-apr-2024,1712188800.0,"Name.com, Inc."
insertlive.com,insertlive.com,15-feb-2024,1707955200.0,"Register.com, Inc."
bola.net,bola.net,26-jul-2024,1721952000.0,Squarespace Domains II LLC
dream.co.id,dream.co.id,17-jul-2024,1721174400.0,ResellerCamp
kapanlagi.com,kapanlagi.com,25-feb-2024,1708819200.0,Squarespace Domains II LLC
liputan6.com,liputan6.com,23-dec-2024,1734912000.0,"Amazon Registrar, Inc."
merdeka.com,merdeka.com,04-sep-2026,1788480000.0,Squarespace Domains II LLC
brilio.net,brilio.net,26-feb-2024,1708905600.0,Squarespace Domains II LLC
bola.com,bola.com,30-may-2024,1717027200.0,Gandi SAS
metrotvnews.com,metrotvnews.com,22-mar-2024,1711065600.0,Tucows Domains Inc.
inibaru.id,inibaru.id,10-jan-2024,1704844800.0,PT. Web Commerce Communications
medcom.id,medcom.id,20-jun-2025,1750377600.0,ResellerCamp
lampost.co,lampost.co,20-sep-2024,1726790400.0,PDR Ltd. d/b/a PublicDomainRegistry.com
inews.id,inews.id,13-aug-2028,1849737600.0,Digital Registra
sindonews.com,sindonews.com,05-aug-2028,1849046400.0,PDR Ltd. d/b/a PublicDomainRegistry.com
okezone.com,okezone.com,15-nov-2027,1826236800.0,"GoDaddy.com, LLC"
idxchannel.com,idxchannel.com,13-nov-2024,1731456000.0,Tucows Domains Inc.
jawapos.com,jawapos.com,02-apr-2024,1712016000.0,"Network Solutions, LLC"
hops.id,hops.id,27-nov-2026,1795737600.0,PT Cloud Hosting Indonesia
detiksumsel.com,detiksumsel.com,20-jan-2024,1705708800.0,Web Commerce Communications Limited dba WebNic.cc
muslimterkini.id,muslimterkini.id,09-feb-2024,1707436800.0,PT Aksara Data Digital
bonsernews.com,bonsernews.com,22-may-2024,1716336000.0,PT Aksara Data Digital
realitasonline.id,realitasonline.id,10-apr-2024,1712707200.0,Digital Registra
koranmemo.com,koranmemo.com,25-dec-2025,1766620800.0,CV. JOGJACAMP
bantenraya.com,bantenraya.com,23-may-2024,1716422400.0,PT ARDH GLOBAL INDONESIA
indonesiadaily.co.id,indonesiadaily.co.id,06-oct-2024,1728172800.0,PT Registrasi Nama Domain
wowbabel.com,wowbabel.com,25-sep-2024,1727222400.0,Web Commerce Communications Limited dba WebNic.cc
kabarrakyat.id,kabarrakyat.id,03-nov-2024,1730592000.0,Digital Registra
sportstars.id,sportstars.id,28-mar-2024,1711584000.0,PT Registrasi Nama Domain
dutaislam.com,dutaislam.com,01-nov-2025,1761955200.0,Tucows Domains Inc.
cilegonnews.com,cilegonnews.com,13-nov-2024,1731456000.0,CV. JOGJACAMP
suki48.web.id,suki48.web.id,01-mar-2024,1709251200.0,Digital Registra
jeniusplay.com,jeniusplay.com,15-apr-2024,1713139200.0,"NameCheap, Inc."
situsnobar.pro,situsnobar.pro,11-may-2024,1715385600.0,"NameCheap, Inc."
serbacara.com,serbacara.com,15-jan-2024,1705276800.0,CV. JOGJACAMP
indonesiatoday.co.id,indonesiatoday.co.id,10-nov-2024,1731196800.0,Digital Registra
wandercom.id,wandercom.id,24-may-2024,1716508800.0,Digital Registra
venuemagz.com,venuemagz.com,04-oct-2027,1822608000.0,Tucows Domains Inc.
borneonews.co.id,borneonews.co.id,01-oct-2024,1727740800.0,Digital Registra
wibufile.com,wibufile.com,14-apr-2024,1713052800.0,"NameCheap, Inc."
alona.co.id,alona.co.id,27-feb-2025,1740614400.0,Digital Registra
kanalkalimantan.com,kanalkalimantan.com,02-oct-2024,1727827200.0,"HOSTINGER operations, UAB"
carisinyal.com,carisinyal.com,07-sep-2024,1725667200.0,CV. JOGJACAMP
kompaslampung.com,kompaslampung.com,21-feb-2024,1708473600.0,"HOSTINGER operations, UAB"
tafsirq.com,tafsirq.com,05-feb-2024,1707091200.0,"NameCheap, Inc."
kitalulus.com,kitalulus.com,15-jun-2024,1718409600.0,"NameCheap, Inc."
bapasjakartatimurutara.com,bapasjakartatimurutara.com,22-dec-2023,1703203200.0,CV. JOGJACAMP
dumetschool.com,dumetschool.com,03-jul-2027,1814572800.0,Tucows Domains Inc.
duniagames.co.id,duniagames.co.id,07-dec-2024,1733529600.0,Digital Registra
superapp.id,superapp.id,13-jun-2028,1844467200.0,Registrasi Neva Angkasa
majalahpengusaha.com,majalahpengusaha.com,18-oct-2024,1729209600.0,"NameSilo, LLC"
dailysia.com,dailysia.com,30-jul-2025,1753833600.0,"HOSTINGER operations, UAB"
cakaplah.com,cakaplah.com,05-aug-2024,1722816000.0,"OnlineNIC, Inc."
kuyou.id,kuyou.id,02-jan-2025,1735776000.0,PT Aksara Data Digital
revivaltv.id,revivaltv.id,03-jun-2024,1717372800.0,ResellerCamp
bangsaonline.com,bangsaonline.com,12-jan-2024,1705017600.0,PT ARDH GLOBAL INDONESIA
metrum.co.id,metrum.co.id,27-sep-2024,1727395200.0,Digital Registra
otosia.com,otosia.com,21-oct-2024,1729468800.0,Squarespace Domains II LLC
sulselsatu.com,sulselsatu.com,21-feb-2024,1708473600.0,"HOSTINGER operations, UAB"
soloabadi.com,soloabadi.com,01-aug-2024,1722470400.0,Tucows Domains Inc.
beautynesia.id,beautynesia.id,12-may-2024,1715472000.0,ResellerCamp
baliportalnews.com,baliportalnews.com,12-jul-2024,1720742400.0,PT ARDH GLOBAL INDONESIA
briliofood.net,briliofood.net,21-apr-2025,1745193600.0,"GoDaddy.com, LLC"
kupastuntas.co,kupastuntas.co,16-mar-2024,1710547200.0,PDR Ltd. d/b/a PublicDomainRegistry.com
kabarbumn.com,kabarbumn.com,03-apr-2024,1712102400.0,PDR Ltd. d/b/a PublicDomainRegistry.com
jurnas.com,jurnas.com,09-mar-2024,1709942400.0,Web Commerce Communications Limited dba WebNic.cc
indopos.co.id,indopos.co.id,01-sep-2024,1725148800.0,Digital Registra
riauonline.co.id,riauonline.co.id,30-jan-2024,1706572800.0,Digital Registra
likein.id,likein.id,18-aug-2024,1723939200.0,PT Cloud Hosting Indonesia
intipseleb.com,intipseleb.com,15-mar-2024,1710460800.0,Web Commerce Communications Limited dba WebNic.cc
metrorakyat.com,metrorakyat.com,07-apr-2024,1712448000.0,"HOSTINGER operations, UAB"
theasianparent.com,theasianparent.com,19-dec-2024,1734566400.0,"GoDaddy.com, LLC"
abbaspc.net,abbaspc.net,10-nov-2024,1731196800.0,"GoDaddy.com, LLC"
kuyhaa.net,kuyhaa.net,30-jul-2025,1753833600.0,Porkbun LLC
alex71.com,alex71.com,30-jan-2024,1706572800.0,Web Commerce Communications Limited dba WebNic.cc
rgames31.com,rgames31.com,17-apr-2024,1713312000.0,"NameCheap, Inc."
masterkreatif.net,masterkreatif.net,24-jun-2024,1719187200.0,"Sav.com, LLC"
bagas31.pw,bagas31.pw,19-aug-2024,1724025600.0,PDR Ltd. d/b/a PublicDomainRegistry.com
hienzo.com,hienzo.com,05-jan-2024,1704412800.0,"NameCheap, Inc."
darmediatama.com,darmediatama.com,01-nov-2024,1730419200.0,Web Commerce Communications Limited dba WebNic.cc
matain.id,matain.id,27-sep-2024,1727395200.0,Digital Registra
headlinekaltim.co,headlinekaltim.co,25-mar-2024,1711324800.0,PDR Ltd. d/b/a PublicDomainRegistry.com
freesoft.id,freesoft.id,28-jan-2024,1706400000.0,PT Cloud Hosting Indonesia
seniberpikir.com,seniberpikir.com,12-jan-2025,1736640000.0,Tucows Domains Inc.
ifra-indonesia.com,ifra-indonesia.com,15-mar-2024,1710460800.0,PDR Ltd. d/b/a PublicDomainRegistry.com
ngelag.com,ngelag.com,25-oct-2025,1761350400.0,PDR Ltd. d/b/a PublicDomainRegistry.com
mizanstore.com,mizanstore.com,18-jul-2024,1721260800.0,PT ARDH GLOBAL INDONESIA
jalanku.my.id,jalanku.my.id,17-apr-2025,1744848000.0,PT Registrasi Nama Domain
lokasiterdekat.com,lokasiterdekat.com,23-mar-2024,1711152000.0,Web Commerce Communications Limited dba WebNic.cc
jurnaba.co,jurnaba.co,24-oct-2024,1729728000.0,PDR Ltd. d/b/a PublicDomainRegistry.com
metalextra.com,metalextra.com,31-may-2027,1811721600.0,"CloudFlare, Inc."
kaltaraaktual.com,kaltaraaktual.com,28-oct-2024,1730073600.0,"HOSTINGER operations, UAB"
pakguru.co.id,pakguru.co.id,30-sep-2024,1727654400.0,Digital Registra
rgamesstore.com,rgamesstore.com,12-may-2024,1715472000.0,"GoDaddy.com, LLC"
mercon.id,mercon.id,13-jun-2024,1718236800.0,Digital Registra
digiaudiostore.com,digiaudiostore.com,06-jul-2024,1720224000.0,"OnlineNIC, Inc."
ngulikode.com,ngulikode.com,23-dec-2023,1703289600.0,Tucows Domains Inc.
gamefinity.id,gamefinity.id,19-jun-2024,1718755200.0,Digital Registra
ipeenk.com,ipeenk.com,30-nov-2031,1953763200.0,CV. JOGJACAMP
checast.com,checast.com,25-jul-2027,1816473600.0,"HOSTINGER operations, UAB"
akashinime.site,akashinime.site,01-aug-2024,1722470400.0,Namecheap
kuramanime.pro,kuramanime.pro,04-jul-2024,1720051200.0,"NameCheap, Inc."
bioskopkeren.io,bioskopkeren.io,24-may-2024,1716508800.0,"NameCheap, Inc."
inonton.com,inonton.com,18-aug-2024,1723939200.0,CV. JOGJACAMP
oploverz.red,oploverz.red,21-jul-2024,1721520000.0,Porkbun LLC
nontonfilms24.com,nontonfilms24.com,11-jun-2024,1718064000.0,"Name.com, Inc."
bioskopvirtual.com,bioskopvirtual.com,27-jul-2024,1722038400.0,Dynadot Inc
ayononton.co.in,ayononton.co.in,06-feb-2024,1707177600.0,"NameCheap, Inc."
beedrive.link,beedrive.link,30-sep-2024,1727654400.0,NAMECHEAP
gomov.bio,gomov.bio,25-apr-2024,1714003200.0,"NameCheap, Inc."
nomat.fun,nomat.fun,13-jun-2024,1718236800.0,Namecheap
anoboy.show,anoboy.show,22-aug-2024,1724284800.0,"NameCheap, Inc."
layarkaca21official.wiki,layarkaca21official.wiki,22-oct-2024,1729555200.0,"NameCheap, Inc."
cinemakeren6.id,cinemakeren6.id,01-feb-2024,1706745600.0,Jagat Informasi Solusi (int)
swimhereford.co.uk,swimhereford.co.uk,28-jan-2024,1706400000.0,
indoxx1.quest,indoxx1.quest,22-oct-2024,1729555200.0,Namecheap
downloadbatch.me,downloadbatch.me,04-mar-2024,1709510400.0,"NameCheap, Inc."
rahyunime.com,rahyunime.com,24-jun-2024,1719187200.0,Web Commerce Communications Limited dba WebNic.cc
mikanime.com,mikanime.com,07-may-2024,1715040000.0,Web Commerce Communications Limited dba WebNic.cc
kopajasubs.info,kopajasubs.info,09-feb-2024,1707436800.0,"HOSTINGER operations, UAB"
animesaku.com,animesaku.com,21-nov-2024,1732147200.0,"HOSTINGER operations, UAB"
idlixplus.net,idlixplus.net,23-aug-2024,1724371200.0,"NameCheap, Inc."
doroni.me,doroni.me,13-apr-2024,1712966400.0,"Cloudflare, Inc"
pilotkru.icu,pilotkru.icu,21-oct-2024,1729468800.0,Namecheap
drakorfilm.pro,drakorfilm.pro,30-jun-2024,1719705600.0,"NameCheap, Inc."
niihen.com,niihen.com,10-sep-2024,1725926400.0,"NameCheap, Inc."
nekopoi.web.id,nekopoi.web.id,18-mar-2024,1710720000.0,Digital Registra
kusonime.com,kusonime.com,25-mar-2024,1711324800.0,"NameCheap, Inc."
wibudesu.co,wibudesu.co,04-may-2024,1714780800.0,"NameCheap, Inc."
nontondrama.click,nontondrama.click,17-sep-2024,1726531200.0,NAMECHEAP
mangaid.click,mangaid.click,06-apr-2024,1712361600.0,"NameSilo, LLC"
komikindo.co,komikindo.co,25-nov-2024,1732492800.0,"NameCheap, Inc."
mirrorkomik.net,mirrorkomik.net,22-may-2024,1716336000.0,CV. Rumahweb Indonesia
kiryuu.id,kiryuu.id,26-nov-2026,1795651200.0,Jagat Informasi Solusi (int)
mangakita.net,mangakita.net,25-sep-2024,1727222400.0,Porkbun LLC
doujindesu.tv,doujindesu.tv,03-may-2024,1714694400.0,"NameCheap, Inc."
pojokmanga.net,pojokmanga.net,30-nov-2024,1732924800.0,"NameCheap, Inc."
mangakyo.org,mangakyo.org,29-mar-2024,1711670400.0,"NameCheap, Inc."
komiku.id,komiku.id,22-jun-2025,1750550400.0,Jagat Informasi Solusi (int)
crotpedia.net,crotpedia.net,24-nov-2024,1732406400.0,Dynadot Inc
warungkomik.com,warungkomik.com,08-feb-2024,1707350400.0,Web Commerce Communications Limited dba WebNic.cc
mangalist.org,mangalist.org,30-sep-2025,1759190400.0,"NameCheap, Inc."
komikindo.tv,komikindo.tv,17-feb-2024,1708128000.0,Porkbun
klikmanga.com,klikmanga.com,07-jan-2024,1704585600.0,"NameCheap, Inc."
sektekomik.xyz,sektekomik.xyz,26-oct-2024,1729900800.0,Web Commerce Communications Ltd
westmanga.info,westmanga.info,07-may-2024,1715040000.0,"HOSTINGER operations, UAB"
pinloker.com,pinloker.com,11-oct-2024,1728604800.0,"NameCheap, Inc."
linkpoi.me,linkpoi.me,23-oct-2024,1729641600.0,"NameCheap, Inc."
linkerload.com,linkerload.com,25-oct-2024,1729814400.0,CV. JOGJACAMP
mangindo.xyz,mangindo.xyz,02-nov-2024,1730505600.0,Namecheap
vebma.com,vebma.com,07-aug-2024,1722988800.0,"NameCheap, Inc."
nyawang.com,nyawang.com,23-oct-2024,1729641600.0,"NameCheap, Inc."
lifesurance.info,lifesurance.info,03-jan-2025,1735862400.0,"Spaceship, Inc."
pernahsukses.com,pernahsukses.com,28-sep-2024,1727481600.0,"NameCheap, Inc."
tonanmedia.my.id,tonanmedia.my.id,29-may-2024,1716940800.0,PT. Web Commerce Communications
jenismac.com,jenismac.com,10-nov-2024,1731196800.0,Web Commerce Communications Limited dba WebNic.cc
slurr.my.id,slurr.my.id,14-apr-2024,1713052800.0,PT Cloud Hosting Indonesia
tutwuri.id,tutwuri.id,15-jun-2025,1749945600.0,Jagat Informasi Solusi (int)
ayobelajarbareng.com,ayobelajarbareng.com,05-dec-2025,1764892800.0,"NameCheap, Inc."
teknosimple.com,teknosimple.com,30-aug-2024,1724976000.0,"NameCheap, Inc."
miuiku.com,miuiku.com,24-nov-2024,1732406400.0,"NameCheap, Inc."
besargaji.com,besargaji.com,05-oct-2024,1728086400.0,"NameCheap, Inc."
karyawan.co.id,karyawan.co.id,04-sep-2024,1725408000.0,Digital Registra
semruwet.com,semruwet.com,20-may-2024,1716163200.0,Web Commerce Communications Limited dba WebNic.cc
bagi.site,bagi.site,06-dec-2023,1701820800.0,CV. Rumahweb Indonesia
dutasex.monster,dutasex.monster,02-oct-2024,1727827200.0,Namecheap
konflix21.vip,konflix21.vip,16-nov-2024,1731715200.0,"NameCheap, Inc."
minioppai.org,minioppai.org,28-nov-2024,1732752000.0,"NameCheap, Inc."
onbatch.my.id,onbatch.my.id,20-mar-2025,1742428800.0,ResellerCamp
nontonbokepterbaru.com,nontonbokepterbaru.com,09-jun-2024,1717891200.0,"GoDaddy.com, LLC"
omahbokep.co,omahbokep.co,24-oct-2024,1729728000.0,"NameCheap, Inc."
indojavstream.com,indojavstream.com,29-jul-2024,1722211200.0,"NameCheap, Inc."
nekopoi.care,nekopoi.care,09-may-2024,1715212800.0,"NameCheap, Inc."
seks69.com,seks69.com,25-mar-2024,1711324800.0,"NameSilo, LLC"
erocafe.net,erocafe.net,31-may-2024,1717113600.0,Dynadot Inc
kimcilonlyofc.link,kimcilonlyofc.link,15-nov-2024,1731628800.0,NAMECHEAP
nbtub.sbs,nbtub.sbs,16-feb-2024,1708041600.0,Namecheap
pemersatufun.site,pemersatufun.site,06-sep-2024,1725580800.0,Namecheap
fap18.net,fap18.net,02-mar-2024,1709337600.0,"NameCheap, Inc."
iyottube.co,iyottube.co,27-jan-2024,1706313600.0,"GoDaddy.com, LLC"
sebokep.com,sebokep.com,06-dec-2024,1733443200.0,"NameCheap, Inc."
pusatporn18.com,pusatporn18.com,20-jan-2024,1705708800.0,Dynadot Inc
rumahperjaka.net,rumahperjaka.net,29-jun-2024,1719619200.0,"NameCheap, Inc."
